doi,pii
10.1016/j.physio.2021.03.012,S0031-9406(21)00031-6
10.1016/j.physio.2021.09.003,S0031-9406(21)00085-7
10.1016/j.physio.2021.12.002,S0031-9406(21)00388-6
10.1016/j.physio.2021.11.001,S0031-9406(21)00380-1
10.1016/j.physio.2021.04.003,S0031-9406(21)00039-0
10.1016/j.physio.2021.03.009,S0031-9406(21)00028-6
10.1016/j.physio.2022.02.003,S0031-9406(22)00026-8
10.1016/j.physio.2021.11.003,S0031-9406(21)00386-2
10.1016/j.physio.2021.12.005,S0031-9406(21)00391-6
10.1016/j.physio.2021.04.004,S0031-9406(21)00040-7
10.1016/j.physio.2022.02.006,S0031-9406(22)00029-3
10.1016/j.physio.2022.03.004,S0031-9406(22)00033-5
10.1016/j.physio.2022.02.002,S0031-9406(22)00025-6
10.1016/j.physio.2022.03.003,S0031-9406(22)00032-3
10.1016/j.physio.2022.01.006,S0031-9406(22)00024-4
10.1016/j.physio.2022.08.009,S0031-9406(22)00091-8
10.1016/j.physio.2022.08.004,S0031-9406(22)00086-4
10.1016/j.physio.2022.09.002,S0031-9406(22)00095-5
10.1016/j.jphys.2023.02.002,S1836-9553(23)00003-6
10.1016/j.physio.2022.09.007,S0031-9406(22)00099-2
10.1016/j.physio.2022.11.004,S0031-9406(22)00115-8
10.1016/j.physio.2022.11.003,S0031-9406(22)00114-6
10.1016/j.physio.2022.11.006,S0031-9406(22)00117-1
10.1016/j.physio.2023.06.002,S0031-9406(23)00030-5
10.1016/j.physio.2023.04.001,S0031-9406(23)00026-3
10.1016/j.physio.2023.03.002,S0031-9406(23)00017-2
10.1016/j.physio.2023.06.005,S0031-9406(23)00033-0
10.1016/j.physio.2023.07.006,S0031-9406(23)00050-0
10.1016/j.physio.2023.08.001,S0031-9406(23)00051-2
10.1016/j.physio.2023.08.004,S0031-9406(23)00058-5
10.1016/j.physio.2023.12.001,S0031-9406(23)00082-2
10.1016/j.physio.2023.10.008,S0031-9406(23)00081-0
10.1016/j.physio.2024.02.005,S0031-9406(24)00028-2
10.1016/j.physio.2024.02.001,S0031-9406(24)00024-5
10.1016/j.physio.2024.01.003,S0031-9406(24)00005-1
10.1016/j.physio.2024.01.008,S0031-9406(24)00021-X
10.1016/j.physio.2024.01.004,S0031-9406(24)00006-3
10.1016/j.physio.2024.03.005,S0031-9406(24)00395-X
10.1016/j.physio.2024.01.005,S0031-9406(24)00007-5
10.1016/j.physio.2024.03.003,S0031-9406(24)00033-6
10.1016/j.physio.2024.03.004,S0031-9406(24)00387-0
